,energy,strain
0,-21.67901899,-0.05
1,-21.69571789,-0.04
2,-21.70817719,-0.03
3,-21.71659318,-0.02
4,-21.72120267,-0.01
5,-21.7221466,-0.005
6,-21.72225528,-0.001
7,-21.72219633,0.0
8,-21.72210736,0.001
9,-21.72141078,0.005
