,collinear_energy,energy,strain
0,-21.34664572,-21.68109201,-0.05
1,-21.36411055,-21.69762575,-0.04
2,-21.37728784,-21.70989232,-0.03
3,-21.38638409,-21.71809928,-0.02
4,-21.39164562,-21.72248807,-0.01
5,-21.39329127,-21.72327191,0.0
6,-21.39152812,-21.72066574,0.01
7,-21.3865631,-21.7148695,0.02
8,-21.37858841,-21.70608047,0.03
9,-21.36779416,-21.6944916,0.04
10,-21.35435346,-21.68027397,0.05
